{
  "$schema": "https://schema.management.azure.com/schemas/2015-01-01/deploymentTemplate.json#",
  "contentVersion": "1.0.0.0",
  "parameters": {
    "location": {
      "type": "string",
      "metadata": {
        "description": "location"
      }
    },
    "adminUsername": {
      "type": "string",
      "metadata": {
        "description": "Username for the Virtual Machine."
      }
    },
    "adminPassword": {
      "type": "securestring",
      "metadata": {
        "description": "Password for the Virtual Machine."
      }
    },
    "FortiGateNamePrefix": {
      "type": "string",
      "metadata": {
        "description": "Name for FortiGate virtual appliances (A & B will be appended to the end of each respectively)."
      }
    },
    "FortiGateImageSKU": {
      "type": "string",
      "defaultValue": "fortinet_fg-vm_payg",
      "allowedValues": [
        "fortinet_fg-vm",
        "fortinet_fg-vm_payg"
      ],
      "metadata": {
        "description": "Identifies whether to to use PAYG (on demand licensing) or BYOL license model (where license is purchased separately)"
      }
    },
    "instanceType": {
      "type": "string",
      "defaultValue": "Standard_D3_v2",
      "metadata": {
        "description": "Virtual Machine size selection"
      }
    },
    "publicIPNewOrExistingOrNone": {
      "type": "string",
      "defaultValue": "new",
      "allowedValues": [
        "new",
        "existing",
        "none"
      ],
      "metadata": {
        "description": "Identify if to use a public IP, and if so whether it's new"
      }
    },
    "publicIP2NewOrExistingOrNone": {
      "type": "string",
      "defaultValue": "new",
      "allowedValues": [
        "new",
        "existing",
        "none"
      ],
      "metadata": {
        "description": "Whether to use a public IP and if so whether it is new"
      }
    },
    "publicIPAddressName": {
      "type": "string",
      "defaultValue": "",
      "metadata": {
        "description": "Name of Public IP address element."
      }
    },
    "publicIPAddressResourceGroup": {
      "type": "string",
      "defaultValue": "",
      "metadata": {
        "description": "Resource group to which the Public IP belongs."
      }
    },
    "publicIPAddress2Name": {
      "type": "string",
      "defaultValue": "",
      "metadata": {
        "description": "Name of Public IP address element."
      }
    },
    "publicIPAddress2ResourceGroup": {
      "type": "string",
      "defaultValue": "",
      "metadata": {
        "description": "Resource group to which the Public IP belongs."
      }
    },
    "publicIPAddressType": {
      "type": "string",
      "defaultValue": "Dynamic",
      "allowedValues": [
        "Dynamic",
        "Static"
      ],
      "metadata": {
        "description": "Type of public IP address"
      }
    },
    "vnetNewOrExisting": {
      "type": "string",
      "defaultValue": "new",
      "allowedValues": [
        "new",
        "existing"
      ],
      "metadata": {
        "description": "Identify whether to use a new or existing vnet"
      }
    },
    "vnetName": {
      "type": "string",
      "metadata": {
        "description": "Name of the Azure virtual network."
      }
    },
    "vnetResourceGroup": {
      "type": "string",
      "defaultValue": "",
      "metadata": {
        "description": "Resource Group containing the virtual network - or new resource group from above (if new vnet)"
      }
    },
    "vnetAddressPrefix": {
      "type": "string",
      "defaultValue": "",
      "metadata": {
        "description": "Virtual Network Address prefix"
      }
    },
    "Subnet1Name": {
      "type": "string",
      "defaultValue": "",
      "metadata": {
        "description": "Subnet 1 Name"
      }
    },
    "Subnet1Prefix": {
      "type": "string",
      "defaultValue": "",
      "metadata": {
        "description": "Subnet 1 Prefix"
      }
    },
    "fortiGateIP1": {
      "type": "string",
      "metadata": {
        "description": "Static IP for public facing NIC of the FortiGate virtual appliance."
      }
    },
    "Subnet2Name": {
      "type": "string",
      "defaultValue": "",
      "metadata": {
        "description": "Subnet 2 Name"
      }
    },
    "Subnet2Prefix": {
      "type": "string",
      "defaultValue": "",
      "metadata": {
        "description": "Subnet 2 Prefix"
      }
    },
    "fortiGateIP2": {
      "type": "string",
      "metadata": {
        "description": "Static IP for protected network facing NIC of the FortiGate virtual appliance."
      }
    },
    "FortinetTags": {
    "type": "object",
    "defaultValue": {
      "provider": "6EB3B02F-50E5-4A3E-8CB8-2E129258317D"
      }
    },
    "artifactsBaseUrl": {
      "type": "string",
      "defaultValue": "https://raw.githubusercontent.com/fortinetclouddev/FortiGate-HA-for-Azure/HA5.4.0",
      "metadata": {
        "description": "Base URL of the solution template gallery package",
        "artifactsBaseUrl": ""
      }
    }
  },
  "variables": {
    "compute_AvailabilitySet_FG_Name": "[concat(parameters('FortiGateNamePrefix'),'-AvailabilitySet')]",
    "compute_AvailabilitySet_FG_Id": "[resourceId('Microsoft.Compute/availabilitySets', variables('compute_AvailabilitySet_FG_Name'))]",

    "vmSize": "[parameters('instanceType')]",

    "VNetName": "[parameters('vnetName')]",
    "Subnet1Name": "[parameters('Subnet1Name')]",
    "Subnet2Name": "[parameters('Subnet2Name')]",

    "vnetID": "[resourceId(parameters('vnetResourceGroup'),'Microsoft.Network/virtualNetworks', parameters('vnetName'))]",
    "subnet1Ref": "[concat(variables('vnetID'),'/subnets/', variables('Subnet1Name'))]",
    "subnet2Ref": "[concat(variables('vnetID'),'/subnets/', variables('Subnet2Name'))]",

    "VNetAddressPrefix": "[parameters('vnetAddressPrefix')]",
    "Subnet1Prefix": "[parameters('Subnet1Prefix')]",
    "Subnet2Prefix": "[parameters('Subnet2Prefix')]",

    "vmIPArray": "[split(parameters('fortiGateIP1'),'.')]",
    "fg2IP1Array3": "[string(mod(add(int(variables('vmIPArray')[3]),1),256))]",
    "fg2IP1Array2": "[string(mod(add(int(variables('vmIPArray')[2]),div(add(int(variables('vmIPArray')[3]),1),255)),256))]",
    "fg2IP1Array1": "[string(mod(add(int(variables('vmIPArray')[1]),div(add(int(variables('vmIPArray')[2]),1),255)),256))]",
    "fg2IP1Array0": "[string(mod(add(int(variables('vmIPArray')[0]),div(add(int(variables('vmIPArray')[1]),1),255)),256))]",
    "fortiGateBIP1": "[string(concat(variables('fg2IP1Array0'),'.',variables('fg2IP1Array1'),'.',variables('fg2IP1Array2'),'.',variables('fg2IP1Array3')))]",

    "vmIPArray2": "[split(parameters('fortiGateIP2'),'.')]",
    "fg2IP2Array3": "[string(mod(add(int(variables('vmIPArray2')[3]),1),256))]",
    "fg2IP2Array2": "[string(mod(add(int(variables('vmIPArray2')[2]),div(add(int(variables('vmIPArray2')[3]),1),255)),256))]",
    "fg2IP2Array1": "[string(mod(add(int(variables('vmIPArray2')[1]),div(add(int(variables('vmIPArray2')[2]),1),255)),256))]",
    "fg2IP2Array0": "[string(mod(add(int(variables('vmIPArray2')[0]),div(add(int(variables('vmIPArray2')[1]),1),255)),256))]",
    "fortiGateBIP2": "[string(concat(variables('fg2IP2Array0'),'.',variables('fg2IP2Array1'),'.',variables('fg2IP2Array2'),'.',variables('fg2IP2Array3')))]",

    "vmName": "[concat(parameters('FortiGateNamePrefix'),'-A')]",
    "vm2Name": "[concat(parameters('FortiGateNamePrefix'),'-B')]",

    "routeTable1Name": "[concat(variables('Subnet1Name'),'-',variables('vmName'),'RouteTable')]",
    "routeTable2Name": "[concat(variables('Subnet2Name'),'-',variables('vmName'),'RouteTable')]",
    "FGProtectedAddress": "[parameters('fortiGateIP2')]",
    "FGPubFacingAddress": "[parameters('fortiGateIP1')]",
    "routeTable1BName": "[concat(variables('Subnet1Name'),'-',variables('vm2Name'),'RouteTable')]",
    "routeTable2BName": "[concat(variables('Subnet2Name'),'-',variables('vm2Name'),'RouteTable')]",

    "apiVer": "2015-06-15",
    "compute_VM_fg1_Name": "[variables('vmName')]",
    "compute_VM_fg2_Name": "[variables('vm2Name')]",

    "network_NIC_fg11_Name": "[concat(variables('vmName'),'Nic0')]",
    "network_NIC_fg11_Id": "[resourceId('Microsoft.Network/networkInterfaces',variables('network_NIC_fg11_Name'))]",
    "network_NIC_fg12_Name": "[concat(variables('vmName'),'Nic1')]",
    "network_NIC_fg12_Id": "[resourceId('Microsoft.Network/networkInterfaces',variables('network_NIC_fg12_Name'))]",
    "network_NIC_fg21_Name": "[concat(variables('vm2Name'),'Nic0')]",
    "network_NIC_fg21_Id": "[resourceId('Microsoft.Network/networkInterfaces',variables('network_NIC_fg21_Name'))]",
    "network_NIC_fg22_Name": "[concat(variables('vm2Name'),'Nic1')]",
    "network_NIC_fg22_Id": "[resourceId('Microsoft.Network/networkInterfaces',variables('network_NIC_fg22_Name'))]",

    "publicIPSetupURL": "[concat(parameters('artifactsBaseUrl'),'/','publicip-',parameters('publicIPNewOrExistingOrNone'),'-',parameters('publicIP2NewOrExistingOrNone'),'.json')]",
    "virtualNetworkSetupURL": "[concat(parameters('artifactsBaseUrl'),'/','vnet-',parameters('vnetNewOrExisting'),'.json')]"
  },
  "resources": [
    {
      "type": "Microsoft.Compute/availabilitySets",
      "name": "[variables('compute_AvailabilitySet_FG_Name')]",
      "apiVersion": "2017-03-30",
      "tags": {
       "provider": "[toUpper(parameters('FortinetTags').provider)]"
      },
      "location": "[parameters('location')]",
      "properties": {
        "platformFaultDomainCount": "2",
        "platformUpdateDomainCount": "2"
      },
      "sku": {
        "name":  "Aligned"
      }
    },
    {
      "type": "Microsoft.Network/routeTables",
      "name": "[variables('routeTable1Name')]",
      "apiVersion": "[variables('apiVer')]",
      "tags": {
       "provider": "[toUpper(parameters('FortinetTags').provider)]"
      },
      "location": "[parameters('location')]",
      "properties": {
        "routes": [
          {
            "name": "[concat('to',variables('Subnet2Name'))]",
            "properties": {
              "addressPrefix": "[variables('subnet2Prefix')]",
              "nextHopType": "VirtualAppliance",
              "nextHopIpAddress": "[variables('FGPubFacingAddress')]"
            }
          }
        ]
      }
    },
    {
      "type": "Microsoft.Network/routeTables",
      "name": "[variables('routeTable2Name')]",
      "apiVersion": "[variables('apiVer')]",
      "tags": {
       "provider": "[toUpper(parameters('FortinetTags').provider)]"
      },
      "location": "[parameters('location')]",
      "properties": {
        "routes": [
          {
            "name": "[concat('to',variables('Subnet1Name'))]",
            "properties": {
              "addressPrefix": "[variables('subnet1Prefix')]",
              "nextHopType": "VirtualAppliance",
              "nextHopIpAddress": "[variables('FGProtectedAddress')]"
            }
          },
          {
            "name": "toDefault",
            "properties": {
              "AddressPrefix": "0.0.0.0/0",
              "nextHopType": "VirtualAppliance",
              "nextHopIPAddress": "[variables('FGProtectedAddress')]"
            }
          }
        ]
      }
    },
    {
      "type": "Microsoft.Network/routeTables",
      "name": "[variables('routeTable1BName')]",
      "apiVersion": "[variables('apiVer')]",
      "tags": {
       "provider": "[toUpper(parameters('FortinetTags').provider)]"
      },
      "location": "[parameters('location')]",
      "properties": {
        "routes": [
          {
            "name": "[concat('to',variables('Subnet2Name'))]",
            "properties": {
              "addressPrefix": "[variables('subnet2Prefix')]",
              "nextHopType": "VirtualAppliance",
              "nextHopIpAddress": "[variables('fortiGateBIP1')]"
            }
          }
        ]
      }
    },
    {
      "type": "Microsoft.Network/routeTables",
      "name": "[variables('routeTable2BName')]",
      "apiVersion": "[variables('apiVer')]",
      "tags": {
       "provider": "[toUpper(parameters('FortinetTags').provider)]"
      },
      "location": "[parameters('location')]",
      "properties": {
        "routes": [
          {
            "name": "[concat('to',variables('Subnet1Name'))]",
            "properties": {
              "addressPrefix": "[variables('subnet1Prefix')]",
              "nextHopType": "VirtualAppliance",
              "nextHopIpAddress": "[variables('fortiGateBIP2')]"
            }
          },
          {
            "name": "toDefault",
            "properties": {
              "AddressPrefix": "0.0.0.0/0",
              "nextHopType": "VirtualAppliance",
              "nextHopIPAddress": "[variables('fortiGateBIP2')]"
            }
          }
        ]
      }
    },
    {
      "name": "SettingUpVirtualNetwork",
      "type": "Microsoft.Resources/deployments",
      "apiVersion": "2015-01-01",
      "dependsOn": [
        "[concat('Microsoft.Network/routeTables/', variables('routeTable1Name'))]",
        "[concat('Microsoft.Network/routeTables/', variables('routeTable2Name'))]"
      ],
      "properties": {
        "mode": "Incremental",
        "templateLink": {
          "uri": "[variables('virtualNetworkSetupURL')]",
          "contentVersion": "1.0.0.0"
        },
        "parameters": {
          "vnetName": {
            "value": "[parameters('vnetName')]"
          },
          "location": {
            "value": "[parameters('location')]"
          },
          "vnetAddressPrefix": {
            "value": "[parameters('vnetAddressPrefix')]"
          },
          "subnet1Name": {
            "value": "[parameters('Subnet1Name')]"
          },
          "subnet1AddressPrefix": {
            "value": "[parameters('Subnet1Prefix')]"
          },
          "subnet2Name": {
            "value": "[parameters('Subnet2Name')]"
          },
          "subnet2AddressPrefix": {
            "value": "[parameters('Subnet2Prefix')]"
          },
          "vnetResourceGroup": {
            "value": "[parameters('vnetResourceGroup')]"
          },
          "routeTable1Name": {
            "value": "[variables('routeTable1Name')]"
          },
          "routeTable2Name": {
            "value": "[variables('routeTable2Name')]"
          },
          "FortinetTags": {
            "value": "[parameters('FortinetTags')]"
          }
        }
      }
    },
    {
      "apiVersion": "2015-01-01",
      "type": "Microsoft.Resources/deployments",
      "name": "SettingUpPublicIPandFollowing",
      "dependsOn": [
        "[concat('Microsoft.Resources/deployments/', 'SettingUpVirtualNetwork')]"
      ],
      "properties": {
        "mode": "Incremental",
        "templateLink": {
          "uri": "[variables('publicIPSetupURL')]",
          "contentVersion": "1.0.0.0"
        },
        "parameters": {
          "location": {
            "value": "[parameters('location')]"
          },
          "vmNamePrefix": {
            "value": "[parameters('FortiGateNamePrefix')]"
          },
          "publicIPAddressName": {
            "value": "[parameters('publicIPAddressName')]"
          },
          "publicIPAddress2Name": {
            "value": "[parameters('publicIPAddress2Name')]"
          },
          "publicIPAddressType": {
            "value": "[parameters('publicIPAddressType')]"
          },
          "publicIPAddressResourceGroup": {
            "value": "[parameters('publicIPAddressResourceGroup')]"
          },
          "publicIPAddress2ResourceGroup": {
            "value": "[parameters('publicIPAddressResourceGroup')]"
          },
          "VMName": {
            "value": "[variables('vmName')]"
          },
          "VM2Name": {
            "value": "[variables('vm2Name')]"
          },
          "FGPubFacingAddress": {
            "value": "[variables('FGPubFacingAddress')]"
          },
          "FGBPubFacingAddress": {
            "value": "[variables('fortiGateBIP1')]"
          },
          "subnet1Ref": {
            "value": "[variables('subnet1Ref')]"
          },
          "network_NIC_fg11_Name": {
            "value": "[variables('network_NIC_fg11_Name')]"
          },
          "network_NIC_fg21_Name": {
            "value": "[variables('network_NIC_fg21_Name')]"
          },
          "FortinetTags": {
            "value": "[parameters('FortinetTags')]"
          }
        }
      }
    },
    {
      "apiVersion": "[variables('apiVer')]",
      "tags": {
       "provider": "[toUpper(parameters('FortinetTags').provider)]"
      },
      "type": "Microsoft.Network/networkInterfaces",
      "name": "[variables('network_NIC_fg12_Name')]",
      "location": "[parameters('location')]",
      "dependsOn": [
        "[concat('Microsoft.Resources/deployments/', 'SettingUpVirtualNetwork')]"
      ],
      "properties": {
        "ipConfigurations": [
          {
            "name": "ipconfig1",
            "properties": {
              "privateIPAllocationMethod": "Static",
              "privateIPAddress": "[variables('FGProtectedAddress')]",
              "subnet": {
                "id": "[variables('subnet2Ref')]"
              }
            }
          }
        ],
        "enableIPForwarding": true
      }
    },
    {
      "apiVersion": "[variables('apiVer')]",
      "tags": {
       "provider": "[toUpper(parameters('FortinetTags').provider)]"
      },
      "type": "Microsoft.Network/networkInterfaces",
      "name": "[variables('network_NIC_fg22_Name')]",
      "location": "[parameters('location')]",
      "dependsOn": [
        "[concat('Microsoft.Resources/deployments/', 'SettingUpVirtualNetwork')]"
      ],
      "properties": {
        "ipConfigurations": [
          {
            "name": "ipconfig1",
            "properties": {
              "privateIPAllocationMethod": "Static",
              "privateIPAddress": "[variables('fortiGateBIP2')]",
              "subnet": {
                "id": "[variables('subnet2Ref')]"
              }
            }
          }
        ],
        "enableIPForwarding": true
      }
    },
    {
      "type": "Microsoft.Compute/virtualMachines",
      "name": "[variables('compute_VM_fg1_Name')]",
      "apiVersion": "2017-03-30",
      "tags": {
       "provider": "[toUpper(parameters('FortinetTags').provider)]"
      },
      "location": "[parameters('location')]",
      "plan": {
        "name": "[parameters('FortiGateImageSKU')]",
        "publisher": "fortinet",
        "product": "fortinet_fortigate-vm_v5"
      },
      "dependsOn": [
        "[concat('Microsoft.Resources/deployments/', 'SettingUpPublicIPandFollowing')]",
        "[concat('Microsoft.Network/networkInterfaces/',variables('network_NIC_fg12_Name'))]"
      ],
      "properties": {
        "hardwareProfile": {
          "vmSize": "[variables('vmSize')]"
        },
        "availabilitySet": {
          "id": "[variables('compute_AvailabilitySet_FG_Id')]"
        },
        "osProfile": {
          "computerName": "[variables('compute_VM_fg1_Name')]",
          "adminUsername": "[parameters('adminUsername')]",
          "adminPassword": "[parameters('adminPassword')]"
        },
        "storageProfile": {
          "imageReference": {
            "publisher": "fortinet",
            "offer": "fortinet_fortigate-vm_v5",
            "sku": "[parameters('FortiGateImageSKU')]",
            "version": "latest"
          },
          "osDisk": {
            "createOption": "FromImage"
          },
          "dataDisks": [
            {
              "diskSizeGB": "30",
              "lun": 0,
              "createOption": "Empty"
            }
          ]
        },
        "networkProfile": {
          "networkInterfaces": [
            {
              "properties": {
                "primary": true
              },
              "id": "[variables('network_NIC_fg11_Id')]"
            },
            {
              "properties": {
                "primary": false
              },
              "id": "[variables('network_NIC_fg12_Id')]"
            }
          ]
        }
      }
    },
    {
      "type": "Microsoft.Compute/virtualMachines",
      "name": "[variables('compute_VM_fg2_Name')]",
      "apiVersion": "2017-03-30",
      "tags": {
       "provider": "[toUpper(parameters('FortinetTags').provider)]"
      },
      "location": "[parameters('location')]",
      "plan": {
        "name": "[parameters('FortiGateImageSKU')]",
        "publisher": "fortinet",
        "product": "fortinet_fortigate-vm_v5"
      },
      "dependsOn": [
        "[concat('Microsoft.Resources/deployments/', 'SettingUpPublicIPandFollowing')]",
        "[concat('Microsoft.Network/networkInterfaces/',variables('network_NIC_fg22_Name'))]"
      ],
      "properties": {
        "hardwareProfile": {
          "vmSize": "[variables('vmSize')]"
        },
        "availabilitySet": {
          "id": "[variables('compute_AvailabilitySet_FG_Id')]"
        },
        "osProfile": {
          "computerName": "[variables('compute_VM_fg2_Name')]",
          "adminUsername": "[parameters('adminUsername')]",
          "adminPassword": "[parameters('adminPassword')]"
        },
        "storageProfile": {
          "imageReference": {
            "publisher": "fortinet",
            "offer": "fortinet_fortigate-vm_v5",
            "sku": "[parameters('FortiGateImageSKU')]",
            "version": "latest"
          },
          "osDisk": {
            "createOption": "FromImage"
          },
          "dataDisks": [
            {
              "diskSizeGB": "30",
              "lun": 0,
              "createOption": "Empty"
            }
          ]
        },
        "networkProfile": {
          "networkInterfaces": [
            {
              "properties": {
                "primary": true
              },
              "id": "[variables('network_NIC_fg21_Id')]"
            },
            {
              "properties": {
                "primary": false
              },
              "id": "[variables('network_NIC_fg22_Id')]"
            }
          ]
        }
      }
    }
  ]
  }
