{
  "$schema": "https://schema.management.azure.com/schemas/2015-01-01/deploymentTemplate.json#",
  "contentVersion": "1.0.0.0",
  "parameters": {
    "location": {
      "type": "string",
      "metadata": {
        "description": "Location"
      }
    },
    "publicIPAddressResourceGroup": {
      "type": "string",
      "metadata": {
        "description": "Resource Group"
      }
    },
    "publicIPAddress2ResourceGroup": {
      "type": "string",
      "metadata": {
        "description": "Resource Group"
      }
    },
    "publicIPAddress2Name": {
      "type": "string",
      "metadata": {
        "description": "Public IP Address Name"
      }
    },
    "publicIPAddressName": {
      "type": "string",
      "metadata": {
        "description": "Public IP Address Name"
      }
    },
    "publicIPAddressType": {
      "type": "string",
      "metadata": {
        "description": "Public IP Address Type (e.g. Static or Dynamic)"
      }
    },
    "VMName": {
      "type": "string",
      "metadata": {
        "description": "FortiGate name"
      }
    },
    "VM2Name": {
      "type": "string",
      "metadata": {
        "description": "FortiGate name"
      }
    },
    "vmNamePrefix": {
      "type": "string",
      "metadata": {
        "description": "VM set prefix"
      }
    },
    "FGPubFacingAddress": {
      "type": "string",
      "metadata": {
        "description": "Outside address of FortiGate A"
      }
    },
    "FGBPubFacingAddress": {
      "type": "string",
      "metadata": {
        "description": "Outside address of FortiGate B"
      }
    },
    "subnet1Ref": {
      "type": "string",
      "metadata": {
        "description": "subnet 1 reference ID"
      }
    },
    "network_NIC_fg11_Name": {
      "type": "string",
      "metadata": {
        "description": "FortiGate A NIC0 interface name"
      }
    },
    "network_NIC_fg21_Name": {
      "type": "string",
      "metadata": {
        "description": "FortiGate B NIC0 interface name"
      }
    },
    "FortinetTags": {
      "type": "object"
    }
  },
  "variables": {
    "publicIPID": "[resourceID('Microsoft.Network/publicIPAddresses',parameters('publicIPAddressName'))]",
    "publicIP2ID": "[resourceID(parameters('publicIPAddressResourceGroup'),'Microsoft.Network/publicIPAddresses',parameters('publicIPAddress2Name'))]",
    "network_LB_Public_NatRule_FGAdminPerm_fg1_Name": "[concat(parameters('VMName'),'FGAdminPerm')]",
    "network_LB_Public_NatRule_FGAdminPerm_fg1_Id": "[concat(variables('network_LB_Public_Id'),'/inboundNatRules/',variables('network_LB_Public_NatRule_FGAdminPerm_fg1_Name'))]",
    "network_LB_Public_NatRule_SSH_fg1_Name": "[concat(parameters('VMName'),'SSH')]",
    "network_LB_Public_NatRule_SSH_fg1_Id": "[concat(variables('network_LB_Public_Id'),'/inboundNatRules/',variables('network_LB_Public_NatRule_SSH_fg1_Name'))]",
    "network_LB_Public_NatRule_FGAdminPerm_fg2_Name": "[concat(parameters('VM2Name'),'FGAdminPerm')]",
    "network_LB_Public_NatRule_FGAdminPerm_fg2_Id": "[concat(variables('network_LB_Public_Id'),'/inboundNatRules/',variables('network_LB_Public_NatRule_FGAdminPerm_fg2_Name'))]",
    "network_LB_Public_NatRule_SSH_fg2_Name": "[concat(parameters('VM2Name'),'SSH')]",
    "network_LB_Public_NatRule_SSH_fg2_Id": "[concat(variables('network_LB_Public_Id'),'/inboundNatRules/',variables('network_LB_Public_NatRule_SSH_fg2_Name'))]",
    "network_LB_Public_Name": "[concat(parameters('vmNamePrefix'),'publicLB')]",
    "network_LB_Public_Id": "[resourceId('Microsoft.Network/loadBalancers',variables('network_LB_Public_Name'))]",
    "network_LB_Public_FEName": "[concat(parameters('VMName'),'publicLBFE')]",
    "network_LB_Public_FEId": "[concat(variables('network_LB_Public_Id'),'/frontendIPConfigurations/',variables('network_LB_Public_FEName'))]",
    "network_LB_Public_FE2Name": "[concat(parameters('VMName'),'publicLBFE2')]",
    "network_LB_Public_FE2Id": "[concat(variables('network_LB_Public_Id'),'/frontendIPConfigurations/',variables('network_LB_Public_FE2Name'))]",
    "network_LB_Public_BEName": "[concat(parameters('VMName'),'publicLBBE')]",
    "network_LB_Public_BEId": "[concat(variables('network_LB_Public_Id'),'/backendAddressPools/',variables('network_LB_Public_BEName'))]",
    "apiVer": "2015-06-15"
  },
  "resources": [
    {
      "type": "Microsoft.Network/publicIPAddresses",
      "name": "[parameters('publicIPAddressName')]",
      "apiVersion": "[variables('apiVer')]",
      "tags": {
       "provider": "[toUpper(parameters('FortinetTags').provider)]"
      },
      "location": "[parameters('location')]",
      "properties": {
        "publicIPAllocationMethod": "[parameters('publicIPAddressType')]"
      }
    },
    {
      "type": "Microsoft.Network/loadBalancers",
      "name": "[variables('network_LB_Public_Name')]",
      "apiVersion": "[variables('apiVer')]",
      "tags": {
       "provider": "[toUpper(parameters('FortinetTags').provider)]"
      },
      "location": "[parameters('location')]",
      "dependsOn": [
        "[variables('publicIPID')]"
      ],
      "properties": {
        "frontendIPConfigurations": [
          {
            "name": "[variables('network_LB_Public_FEName')]",
            "properties": {
              "publicIPAddress": {
                "id": "[variables('publicIPID')]"
              }
            }
          },
          {
            "name": "[variables('network_LB_Public_FE2Name')]",
            "properties": {
              "publicIPAddress": {
                "id": "[variables('publicIP2ID')]"
              }
            }
          }
        ],
        "backendAddressPools": [
          {
            "name": "[variables('network_LB_Public_BEName')]"
          }
        ],
        "inboundNatRules": [
          {
            "name": "[variables('network_LB_Public_NatRule_SSH_fg1_Name')]",
            "properties": {
              "frontendIPConfiguration": {
                "id": "[variables('network_LB_Public_FEId')]"
              },
              "protocol": "tcp",
              "frontendPort": 22,
              "backendPort": 22,
              "enableFloatingIP": false
            }
          },
          {
            "name": "[variables('network_LB_Public_NatRule_FGAdminPerm_fg1_Name')]",
            "properties": {
              "frontendIPConfiguration": {
                "id": "[variables('network_LB_Public_FEId')]"
              },
              "protocol": "tcp",
              "frontendPort": 443,
              "backendPort": 443,
              "enableFloatingIP": false
            }
          },
          {
            "name": "[variables('network_LB_Public_NatRule_SSH_fg2_Name')]",
            "properties": {
              "frontendIPConfiguration": {
                "id": "[variables('network_LB_Public_FE2Id')]"
              },
              "protocol": "tcp",
              "frontendPort": 22,
              "backendPort": 22,
              "enableFloatingIP": false
            }
          },
          {
            "name": "[variables('network_LB_Public_NatRule_FGAdminPerm_fg2_Name')]",
            "properties": {
              "frontendIPConfiguration": {
                "id": "[variables('network_LB_Public_FE2Id')]"
              },
              "protocol": "tcp",
              "frontendPort": 443,
              "backendPort": 443,
              "enableFloatingIP": false
            }
          }
        ],
        "probes": [
          {
            "properties": {
              "protocol": "Tcp",
              "port": 22,
              "intervalInSeconds": 5,
              "numberOfProbes": 2
            },
            "name": "lbprobe"
          }
        ]
      }
    },
    {
      "apiVersion": "[variables('apiVer')]",
      "tags": {
       "provider": "[toUpper(parameters('FortinetTags').provider)]"
      },
      "type": "Microsoft.Network/networkInterfaces",
      "name": "[parameters('network_NIC_fg11_Name')]",
      "location": "[parameters('location')]",
      "dependsOn": [
        "[variables('network_LB_Public_Id')]"
      ],
      "properties": {
        "ipConfigurations": [
          {
            "name": "ipconfig1",
            "properties": {
              "privateIPAllocationMethod": "Static",
              "privateIPAddress": "[parameters('FGPubFacingAddress')]",
              "subnet": {
                "id": "[parameters('subnet1Ref')]"
              },
              "loadBalancerBackendAddressPools": [
                {
                  "id": "[variables('network_LB_Public_BEId')]"
                }
              ],
              "loadBalancerInboundNatRules": [
                {
                  "id": "[variables('network_LB_Public_NatRule_SSH_fg1_Id')]"
                },
                {
                  "id": "[variables('network_LB_Public_NatRule_FGAdminPerm_fg1_Id')]"
                }
              ]
            }
          }
        ],
        "enableIPForwarding": true
      }
    },
    {
      "apiVersion": "[variables('apiVer')]",
      "tags": {
       "provider": "[toUpper(parameters('FortinetTags').provider)]"
      },
      "type": "Microsoft.Network/networkInterfaces",
      "name": "[parameters('network_NIC_fg21_Name')]",
      "location": "[parameters('location')]",
      "dependsOn": [
        "[variables('network_LB_Public_Id')]"
      ],
      "properties": {
        "ipConfigurations": [
          {
            "name": "ipconfig1",
            "properties": {
              "privateIPAllocationMethod": "Static",
              "privateIPAddress": "[parameters('FGBPubFacingAddress')]",
              "subnet": {
                "id": "[parameters('subnet1Ref')]"
              },
              "loadBalancerBackendAddressPools": [
                {
                  "id": "[variables('network_LB_Public_BEId')]"
                }
              ],
              "loadBalancerInboundNatRules": [
                {
                  "id": "[variables('network_LB_Public_NatRule_SSH_fg2_Id')]"
                },
                {
                  "id": "[variables('network_LB_Public_NatRule_FGAdminPerm_fg2_Id')]"
                }
              ]
            }
          }
        ],
        "enableIPForwarding": true
      }
    }
  ],
    "outputs": {

    }
}
