{
  "$schema": "https://schema.management.azure.com/schemas/2015-01-01/deploymentTemplate.json#",
  "contentVersion": "1.0.0.0",
  "parameters": {
    "location": {
      "type": "string",
      "metadata": {
        "description": "Location"
      }
    },
    "publicIPAddressResourceGroup": {
      "type": "string",
      "metadata": {
        "description": "Resource Group"
      }
    },
    "publicIPAddress2ResourceGroup": {
      "type": "string",
      "metadata": {
        "description": "Resource Group"
      }
    },
    "publicIPAddress2Name": {
      "type": "string",
      "metadata": {
        "description": "Public IP Address Name"
      }
    },
    "publicIPAddressName": {
      "type": "string",
      "metadata": {
        "description": "Public IP Address Name"
      }
    },
    "publicIPAddressType": {
      "type": "string",
      "metadata": {
        "description": "Public IP Address Type (e.g. Static or Dynamic)"
      }
    },
    "VMName": {
      "type": "string",
      "metadata": {
        "description": "FortiGate name"
      }
    },
    "VM2Name": {
      "type": "string",
      "metadata": {
        "description": "FortiGate name"
      }
    },
    "vmNamePrefix": {
      "type": "string",
      "metadata": {
        "description": "VM set prefix"
      }
    },
    "FGPubFacingAddress": {
      "type": "string",
      "metadata": {
        "description": "Outside address of FortiGate A"
      }
    },
    "FGBPubFacingAddress": {
      "type": "string",
      "metadata": {
        "description": "Outside address of FortiGate B"
      }
    },
    "subnet1Ref": {
      "type": "string",
      "metadata": {
        "description": "subnet 1 reference ID"
      }
    },
    "network_NIC_fg11_Name": {
      "type": "string",
      "metadata": {
        "description": "FortiGate A NIC0 interface name"
      }
    },
    "network_NIC_fg21_Name": {
      "type": "string",
      "metadata": {
        "description": "FortiGate B NIC0 interface name"
      }
    },
    "FortinetTags": {
      "type": "object"
    }
  },
  "variables": {
    "apiVer": "2015-06-15"
  },
  "resources": [
    {
      "apiVersion": "[variables('apiVer')]",
      "tags": {
       "provider": "[toUpper(parameters('FortinetTags').provider)]"
      },
      "type": "Microsoft.Network/networkInterfaces",
      "name": "[parameters('network_NIC_fg11_Name')]",
      "location": "[parameters('location')]",
      "properties": {
        "ipConfigurations": [
          {
            "name": "ipconfig1",
            "properties": {
              "privateIPAllocationMethod": "Static",
              "privateIPAddress": "[parameters('FGPubFacingAddress')]",
              "subnet": {
                "id": "[parameters('subnet1Ref')]"
              }
            }
          }
        ],
        "enableIPForwarding": true
      }
    },
    {
      "apiVersion": "[variables('apiVer')]",
      "tags": {
        "provider": "[toUpper(parameters('FortinetTags').provider)]"
      },
      "type": "Microsoft.Network/networkInterfaces",
      "name": "[parameters('network_NIC_fg21_Name')]",
      "location": "[parameters('location')]",
      "properties": {
        "ipConfigurations": [
          {
            "name": "ipconfig1",
            "properties": {
              "privateIPAllocationMethod": "Static",
              "privateIPAddress": "[parameters('FGBPubFacingAddress')]",
              "subnet": {
                "id": "[parameters('subnet1Ref')]"
              }
            }
          }
        ],
        "enableIPForwarding": true
      }
    }
  ],
    "outputs": {

    }
}
