{
  "$schema": "https://schema.management.azure.com/schemas/0.1.2-preview/CreateUIDefinition.MultiVm.json#",
  "handler": "Microsoft.Compute.MultiVm",
  "version": "0.1.2-preview",
    "parameters": {
      "basics": [
        {
          "name": "VMName",
          "type": "Microsoft.Common.TextBox",
          "label": "FortiGate set name prefix",
          "toolTip": "This will be used to name the pair of FortiGate virtual appliances.",
          "constraints": {
            "required": true,
            "regex": "^[A-Za-z0-9]{1,15}$",
            "validationMessage": "Only alphanumeric characters are allowed, and the value must be 1 to 15 characters."
          }
        },
        {
            "name": "skuSelectorElement",
            "type": "Microsoft.Common.DropDown",
            "label": "PAYG/BYOL License",
            "toolTip": "Select PAYG for on-demand/hourly billing of the FortiGate license, or BYOL to obtain a license from Fortinet separately.",
            "defaultValue": "PAYG 6.0.3",
            "constraints": {
              "allowedValues": [
                {
                  "label": "PAYG 5.6.6",
                  "value": {
                    "SKU": "fortinet_fg-vm_payg",
                    "Version": "5.6.6"
                  }
                },
                {
                  "label": "BYOL 5.6.6",
                  "value": {
                    "SKU": "fortinet_fg-vm",
                    "Version": "5.6.6"
                  }
                },
                {
                  "label": "PAYG 6.0.4",
                  "value": {
                    "SKU": "fortinet_fg-vm_payg",
                    "Version": "6.0.4"
                  }
                },
                {
                  "label": "BYOL 6.0.4",
                  "value": {
                    "SKU": "fortinet_fg-vm",
                    "Version": "6.0.4"
                  }
                }
              ]
            }
          },
        {
          "name": "adminUsername",
          "type": "Microsoft.Compute.UserNameTextBox",
          "label": "FortiGate administrative username",
          "toolTip": "Admin username for the FortiGate virtual appliance. Must not be 'admin' nor 'root'.",
          "osPlatform": "Linux",
          "constraints": {
            "required": true
          }
        },
        {
          "name": "passwordElement",
          "type": "Microsoft.Common.PasswordBox",
          "label": {
            "password": "FortiGate password",
            "confirmPassword": "Confirm password"
          },
          "toolTip": "Admin accounts password for the FortiGate virtual appliance",
          "constraints": {
            "required": true,
            "regex": "^(?:(?=.*[a-z])(?:(?=.*[A-Z])(?=.*[\\d\\W])|(?=.*\\W)(?=.*\\d))|(?=.*\\W)(?=.*[A-Z])(?=.*\\d)).{12,123}$",
            "validationMessage": "The password must be between 12 and 123 characters long, and contain characters from at least 3 of the following groups: uppercase characters, lowercase characters, numbers, and special characters."
          },
          "options": {
            "hideConfirmation": false
          }
        }
      ],
      "steps": [
        {
          "name": "NetworkandInstanceConfig",
          "label": "Network Settings and Instance Type",
          "subLabel": {
            "preValidation": "Configure the virtual network and select an instance type",
            "postValidation": "Done"
          },
          "bladeTitle": "Network and storage settings",
          "elements": [
            {
              "name": "virtualNetwork",
              "type": "Microsoft.Network.VirtualNetworkCombo",
              "label": {
                "virtualNetwork": "Virtual network",
                "subnets": "Subnets"
              },
              "toolTip": {
                "virtualNetwork": "Virtual network name",
                "subnets": "Subnets requied for the FortiGate solution"
              },
              "defaultValue": {
                "name": "FortigateProtectedVNet",
                "addressPrefixSize": "/16"
              },
              "constraints": {
                "minAddressPrefixSize": "/28"
              },
              "subnets": {
                "subnet1": {
                  "label": "Public facing subnet",
                  "defaultValue": {
                    "name": "UntrustSubnet",
                    "addressPrefixSize": "/24"
                  },
                  "constraints": {
                    "minAddressPrefixSize": "/29",
                    "minAddressCount": 2,
                    "requireContiguousAddresses": false
                  }
                },
                "subnet2": {
                  "label": "Transit subnet",
                  "defaultValue": {
                    "name": "TrustedSubnet",
                    "addressPrefixSize": "/24"
                  },
                  "constraints": {
                    "minAddressPrefixSize": "/29",
                    "minAddressCount": 2,
                    "requireContiguousAddresses": false
                  }
                },
                "subnet3": {
                  "label": "Internal subnet for virtual servers",
                  "defaultValue": {
                    "name": "InternalSubnet",
                    "addressPrefixSize": "/24"
                  },
                  "constraints": {
                    "minAddressPrefixSize": "/29",
                    "minAddressCount": 2,
                    "requireContiguousAddresses": false
                  }
                }
              }
            },
            {
              "name": "vmSize",
              "type": "Microsoft.Compute.SizeSelector",
              "label": "Virtual machine size",
              "toolTip": "The size of virtual machine to provision.",
              "recommendedSizes": [
                "Standard_F2s",
                "Standard_F4s"
              ],
              "constraints": {
                "allowedSizes": [
                  "Standard_F1",
                  "Standard_F2",
                  "Standard_F4",
                  "Standard_F8",
                  "Standard_F16",
                  "Standard_F1s",
                  "Standard_F2s",
                  "Standard_F4s",
                  "Standard_F8s",
                  "Standard_F16s",
                  "Standard_F2s_v2",
                  "Standard_F4s_v2",
                  "Standard_F8s_v2",
                  "Standard_F16s_v2",
                  "Standard_F32s_v2"
                ]
              },
              "osPlatform": "Linux",
              "imageReference": {
                "publisher": "Fortinet",
                "offer": "fortinet_fortigate-vm_v5",
                "sku": "fortinet_fg-vm"
              },
              "count": "1"
            }
          ]
        },
        {
          "name": "IPConfig",
          "label": "FortiGate IP address assignments",
          "subLabel": {
            "preValidation": "Configure Public IP Addresses",
            "postValidation": "Done"
          },
          "bladeTitle": "IP assignment",
          "elements": [
            {
              "name": "publicIpAddress",
              "type": "Microsoft.Network.PublicIpAddressCombo",
              "label": {
                "publicIpAddress": "First public IP for management of FGT A",
                "domainNameLabel": ""
              },
              "toolTip": {
                "publicIpAddress": "Name of the public IP address object"
              },
              "defaultValue": {
              },
              "constraints": {
                "required": {
                  "domainNameLabel": false
                }
              },
              "options": {
                "hideNone": true,
                "hideDomainNameLabel": true
              }
            },
            {
              "name": "publicIpAddress2",
              "type": "Microsoft.Network.PublicIpAddressCombo",
              "label": {
                "publicIpAddress": "Second public IP address for management of FGT B",
                "domainNameLabel": ""
              },
              "toolTip": {
                "publicIpAddress": "Name of the public IP address object"
              },
              "defaultValue": {
              },
              "constraints": {
                "required": {
                  "domainNameLabel": false
                }
              },
              "options": {
                "hideNone": true,
                "hideDomainNameLabel": true
              }
            }
          ]
        }
      ],
      "outputs": {
        "FortiGateNamePrefix": "[basics('VMName')]",
        "adminUsername": "[basics('adminUsername')]",
        "adminPassword": "[basics('passwordElement')]",
        "FortiGateImageSKU": "[basics('skuSelectorElement').SKU]",
        "FortiGateImageVersion": "[basics('skuSelectorElement').Version]",
        "instanceType": "[steps('NetworkandInstanceConfig').vmSize]",
        "publicIPAddressName": "[steps('IPConfig').publicIpAddress.name]",
        "publicIPAddress2Name": "[steps('IPConfig').publicIpAddress2.name]",
        "publicIPAddressType": "[steps('IPConfig').publicIPAddressTypeElement]",
        "publicIPNewOrExisting": "[steps('IPConfig').publicIpAddress.newOrExistingOrNone]",
        "publicIP2NewOrExisting": "[steps('IPConfig').publicIpAddress2.newOrExistingOrNone]",
        "publicIPAddressResourceGroup": "[steps('IPConfig').publicIpAddress.resourceGroup]",
        "publicIPAddress2ResourceGroup": "[steps('IPConfig').publicIpAddress2.resourceGroup]",
        "publicIP1AllocationMethod": "[steps('IPConfig').publicIpAddress.publicIPAllocationMethod]",
        "publicIP1sku": "[steps('IPConfig').publicIpAddress.sku]",
        "publicIP2AllocationMethod": "[steps('IPConfig').publicIpAddress2.publicIPAllocationMethod]",
        "publicIP2sku": "[steps('IPConfig').publicIpAddress2.sku]",
        "location": "[location()]",
        "vnetNewOrExisting": "[steps('NetworkandInstanceConfig').virtualNetwork.newOrExisting]",
        "vnetName": "[steps('NetworkandInstanceConfig').virtualNetwork.name]",
        "vnetResourceGroup": "[steps('NetworkandInstanceConfig').virtualNetwork.resourceGroup]",
        "vnetAddressPrefixes": "[steps('NetworkandInstanceConfig').virtualNetwork.addressPrefixes]",
        "Subnet1Name": "[steps('NetworkandInstanceConfig').virtualNetwork.subnets.subnet1.name]",
        "Subnet1Prefix": "[steps('NetworkandInstanceConfig').virtualNetwork.subnets.subnet1.addressPrefix]",
        "Subnet2Name": "[steps('NetworkandInstanceConfig').virtualNetwork.subnets.subnet2.name]",
        "Subnet2Prefix": "[steps('NetworkandInstanceConfig').virtualNetwork.subnets.subnet2.addressPrefix]",
        "Subnet3Name": "[steps('NetworkandInstanceConfig').virtualNetwork.subnets.subnet3.name]",
        "Subnet3Prefix": "[steps('NetworkandInstanceConfig').virtualNetwork.subnets.subnet3.addressPrefix]"
      }
    }
    }
  